query	df
query	df
how many months decade	
how many months decade	
Theres no such thing as a free lunch	
Theres no such thing as a free lunch	
4th july great britain	
4th july great britain	
4th july	
4th july	
decade in years	
decade in years	
decade	
decade	
High transaction costs will tend to	
High transaction costs will tend to	
Paine	
Paine	
meaning of paine	
meaning of paine	
Tomas paine	
Tomas paine	
thomas paine common sense	
thomas paine common sense	
legitimate	
legitimate	
attain	
attain	
legitimate power tomas phaine	
legitimate power tomas phaine	
monarchy and hereditary succession	
monarchy and hereditary succession	
4th of july Great Britain	
4th of july Great Britain	
7/4 in GB	
7/4 in GB	
Greate Britain 4th of july	
Greate Britain 4th of july	
Great Britain 4th of july	
Great Britain 4th of july	
independence day of great britain	
independence day of great britain	
u.s coin nickel	
u.s coin nickel	
u.s coin nickel cent	
u.s coin nickel cent	
50 cent coin	
50 cent coin	
high transaction costs	
high transaction costs	
hightransactioncosts economy	
hightransactioncosts economy	
high transaction costs economy	
high transaction costs economy	
american coin material	
american coin material	
american nickel coin	
american nickel coin	
higher transaction costs	
higher transaction costs	
high transaction	
high transaction	
high transaction costs will tend to	
high transaction costs will tend to	
50 cent nickel	
50 cent nickel	
5 cent nickel	
5 cent nickel	
nickel	
nickel	
10 cents in US	
10 cents in US	
us cents	
us cents	
us coins	
us coins	
50 cent	
50 cent	
great britain 4th of july	
great britain 4th of july	
california marry widows sister	
california marry widows sister	
i have 2 u.s. coins that total 55	
i have 2 u.s. coins that total 55	
widow	
widow	
california marry his widows sister	
california marry his widows sister	
bury	
bury	
theres no such thing 	
theres no such thing 	
group of pandas	
group of pandas	
group of pandas called	
group of pandas called	
group of pandas call	
group of pandas call	
group pandas	
group pandas	
pandas group	
pandas group	
group of pandas called cupboard	
group of pandas called cupboard	
a plane crashes where do they bury the survivors	
a plane crashes where do they bury the survivors	
plane crash usa 	
plane crash usa 	
plane crash usa	
plane crash usa	
plane crash usa canada	
plane crash usa canada	
plane crash usa border canada	
plane crash usa border canada	
plane crash us border canada	
plane crash us border canada	
A plane crashes on the border of Canada and the USA 60 people die	
A plane crashes on the border of Canada and the USA 60 people die	
A plane crashes on the border of Canada and the USA	
A plane crashes on the border of Canada and the USA	
A plane crashes border Canada and the USA	
A plane crashes border Canada and the USA	
plane crashes border Canada and the USA	
plane crashes border Canada and the USA	
marry widows sister california	
marry widows sister california	
great britain july4th	
great britain july4th	
great britain july 4th	
great britain july 4th	
Even if a king gains legitimate power why does Paine think that kings children should not automatically attain the same position	
Even if a king gains legitimate power why does Paine think that kings children should not automatically attain the same position	
group of panda	
group of panda	
panda cupboard	
panda cupboard	
paine king legitimate power children	
paine king legitimate power children	
high transaction costs purpose	
high transaction costs purpose	
high transaction costs tend to	
high transaction costs tend to	
theres no such thing as a free lunch	
theres no such thing as a free lunch	
nickle	
nickle	
nickel coin	
nickel coin	
plane crash us canada border bury	
plane crash us canada border bury	
plane crach victime bury	
plane crach victime bury	
a plane crashed on the border of us and canada	
a plane crashed on the border of us and canada	
pandas	
pandas	
what is a group of pandas called	
what is a group of pandas called	
